Modelo,Marca
260E,Chevrolet
3100,Chevrolet
A,Chevrolet
Apache,Chevrolet
Astra,Chevrolet
ASTRA II,Chevrolet
Astro,Chevrolet
Astro Van,Chevrolet
Avalanche,Chevrolet
Aveo,Chevrolet
Aveo II,Chevrolet
Aveo III,Chevrolet
Bel Air,Chevrolet
Blazer,Chevrolet
Bolt,Chevrolet
Byscayne,Chevrolet
C10,Chevrolet
C-20,Chevrolet
Camaro,Chevrolet
Caprice,Chevrolet
Captiva,Chevrolet
Captiva II,Chevrolet
Cavalier,Chevrolet
Celebrity,Chevrolet
Chevelle,Chevrolet
Chevette,Chevrolet
Chevy,Chevrolet
Chevy Nova,Chevrolet
Cheyenne,Chevrolet
Cobalt,Chevrolet
Colorado,Chevrolet
Combo,Chevrolet
Combo II,Chevrolet
COMBO VAN,Chevrolet
Corsa,Chevrolet
Corsa Evolution,Chevrolet
Corsa Plus,Chevrolet
Corvette,Chevrolet
Cruze,Chevrolet
Deluxe,Chevrolet
D-Max,Chevrolet
El Camino,Chevrolet
Epica,Chevrolet
Equinox,Chevrolet
Fleetmaster,Chevrolet
Gemini,Chevrolet
Grand Luv,Chevrolet
Impala,Chevrolet
Lumina,Chevrolet
Luv,Chevrolet
Luv D-Max,Chevrolet
Luv Wagon,Chevrolet
Malibu,Chevrolet
Montana,Chevrolet
Montana Sport,Chevrolet
Monza,Chevrolet
N300,Chevrolet
N300 Max,Chevrolet
Nkr,Chevrolet
Nova,Chevrolet
Onix,Chevrolet
Optra,Chevrolet
Orlando,Chevrolet
Pick Up,Chevrolet
Prisma,Chevrolet
S10,Chevrolet
S-10,Chevrolet
Sail,Chevrolet
Silverado,Chevrolet
Sonic,Chevrolet
Spark,Chevrolet
Spark  Gt,Chevrolet
Spark Lite,Chevrolet
Spin,Chevrolet
Sprint,Chevrolet
Suburban,Chevrolet
Tahoe,Chevrolet
Tracker,Chevrolet
Trailblazer,Chevrolet
Traverse,Chevrolet
Trooper,Chevrolet
Uplander,Chevrolet
Uplander Ls,Chevrolet
Vectra,Chevrolet
Venture,Chevrolet
Vivant,Chevrolet
Work Truck,Chevrolet
Zafira,Chevrolet
1939,Ford
1946,Ford
56,Ford
A,Ford
Aerostar,Ford
Bronco,Ford
Cobra,Ford
Contour,Ford
Custom,Ford
ECONOLINE,Ford
EcoSport,Ford
Edge,Ford
Escape,Ford
Escort,Ford
Euroescort,Ford
Expedition,Ford
Explorer,Ford
Explorer Sport Trac,Ford
F-100,Ford
F-150,Ford
F-250,Ford
F-350,Ford
F-600,Ford
FAIRLAINE,Ford
Falcon,Ford
Fiesta,Ford
Fiesta Hb,Ford
Focus,Ford
Fusion,Ford
GRANADA,Ford
Ka,Ford
Mercury,Ford
Mondeo,Ford
Mustang,Ford
NEW FOCUS,Ford
Ranchera,Ford
Ranger,Ford
Ranger Heritage,Ford
T,Ford
Taurus,Ford
Thunderbird,Ford
Torino,Ford
Transit,Ford
Tudor,Ford
V8,Ford
Windstar,Ford
Accent,Hyundai
Accent Prime,Hyundai
Atos,Hyundai
Azera,Hyundai
Coupe,Hyundai
Creta,Hyundai
Elantra,Hyundai
Eon,Hyundai
Equus,Hyundai
Excel,Hyundai
Galloper,Hyundai
Galloper Ii,Hyundai
Genesis,Hyundai
GETZ,Hyundai
GRACE,Hyundai
Grand I10,Hyundai
GRAND SANTA FE,Hyundai
H-1,Hyundai
H100,Hyundai
H-100,Hyundai
Hd65,Hyundai
I10,Hyundai
I20,Hyundai
I30,Hyundai
I40,Hyundai
Ioniq,Hyundai
L30,Hyundai
Matrix,Hyundai
New H1,Hyundai
New Tucson,Hyundai
Porter,Hyundai
Porter Hr,Hyundai
Porter II,Hyundai
Santa Fe,Hyundai
Santa Fé,Hyundai
Santamo,Hyundai
Sonata,Hyundai
Starex,Hyundai
Stellar,Hyundai
Terracan,Hyundai
Tiburon,Hyundai
Trajet,Hyundai
Tucson,Hyundai
Tuscani,Hyundai
Veloster,Hyundai
Veracruz,Hyundai
Xg,Hyundai
Avella,Kia
Avella II,Kia
Besta,Kia
Besta II,Kia
Bongo,Kia
Cadenza,Kia
Carens,Kia
Carnival,Kia
Carnival II,Kia
Cerato,Kia
Cerato 5,Kia
Clarus,Kia
Frontier,Kia
Frontier II,Kia
Grand Carnival,Kia
K 2400,Kia
Koup,Kia
Magentis,Kia
Mohave,Kia
Morning,Kia
Niro,Kia
Opirus,Kia
Optima,Kia
Pop,Kia
Pride,Kia
Quoris,Kia
RIO,Kia
Rio 3,Kia
Rio 4,Kia
Rio 5,Kia
Rio II,Kia
Rio Jb,Kia
Scoupe,Kia
Sephia,Kia
Sephia Ii,Kia
Soluto,Kia
Sorento,Kia
Soul,Kia
Spectra,Kia
Sportage,Kia
Sportage Pro,Kia
Stinger,Kia
121,Mazda
2,Mazda
3,Mazda
3 Sport,Mazda
323,Mazda
5,Mazda
6,Mazda
626,Mazda
929,Mazda
Artis,Mazda
B2200,Mazda
B2500,Mazda
B2600,Mazda
B2900,Mazda
B-Series,Mazda
Bt-50,Mazda
Cx-3,Mazda
Cx-5,Mazda
CX-7,Mazda
Cx-7 Fl,Mazda
CX-9,Mazda
Demio,Mazda
MAZDA RX-8,Mazda
Miata,Mazda
Mpv,Mazda
Mx-3,Mazda
MX-5,Mazda
Mx-6,Mazda
Premacy,Mazda
Rx-7,Mazda
Rx-8,Mazda
RX8,Mazda
TRIBUTE,Mazda
1800,Nissan
240,Nissan
2500,Nissan
300,Nissan
350Z,Nissan
370Z,Nissan
AD WAGON,Nissan
Almera,Nissan
Altima,Nissan
Armada,Nissan
Bluebird,Nissan
D21,Nissan
D22,Nissan
Gtr,Nissan
Juke,Nissan
Kicks,Nissan
Leaf,Nissan
March,Nissan
Maxima,Nissan
Mistral,Nissan
Murano,Nissan
Navara,Nissan
NEW PATHFINDER,Nissan
Note,Nissan
Np300,Nissan
null,Nissan
Nv350,Nissan
NV350 Urvan,Nissan
Pathfinder,Nissan
Patrol,Nissan
Pick Up,Nissan
Platina,Nissan
Primera,Nissan
Pulsar,Nissan
Qashqai,Nissan
Qashqai+2,Nissan
Qashqai2,Nissan
Sentra,Nissan
Sentra II,Nissan
Sunny,Nissan
Teana,Nissan
Terrano,Nissan
Terrano II,Nissan
Tiida,Nissan
Titan,Nissan
Urvan,Nissan
V16,Nissan
Versa,Nissan
X-TRAIL,Nissan
106,Peugeot
107,Peugeot
108,Peugeot
2008,Peugeot
205,Peugeot
206,Peugeot
206 Sw,Peugeot
207,Peugeot
207 Compact,Peugeot
208,Peugeot
3008,Peugeot
301,Peugeot
306,Peugeot
307,Peugeot
307 Sw,Peugeot
308,Peugeot
4008,Peugeot
403,Peugeot
404,Peugeot
405,Peugeot
406,Peugeot
407,Peugeot
407 Coupe,Peugeot
407 Sw,Peugeot
5008,Peugeot
504,Peugeot
505,Peugeot
508,Peugeot
607,Peugeot
806,Peugeot
Bipper,Peugeot
Boxer,Peugeot
Expert,Peugeot
Partner,Peugeot
Partner Origin,Peugeot
Rcz,Peugeot
Rifter,Peugeot
Tepee,Peugeot
Traveller,Peugeot
Xr,Peugeot
Aerio,Suzuki
Aerio Sx,Suzuki
Alto,Suzuki
Apv,Suzuki
APV FURGON,Suzuki
APV Pick Up,Suzuki
Baleno,Suzuki
Carry,Suzuki
Celerio,Suzuki
Ciaz,Suzuki
Cross,Suzuki
Dzire,Suzuki
Ertiga,Suzuki
Fronte,Suzuki
Furgon,Suzuki
Grand Nomade,Suzuki
Grand Nomade Xl-7,Suzuki
Grand Vitara,Suzuki
Ignis,Suzuki
Jimny,Suzuki
Kizashi,Suzuki
Liana,Suzuki
Maruti,Suzuki
Mastervan,Suzuki
Nomade,Suzuki
Samurai,Suzuki
S-Cross,Suzuki
Sidekick,Suzuki
Sinmodelo,Suzuki
Sj 408,Suzuki
Sj 410,Suzuki
Sj 413,Suzuki
St,Suzuki
SUPER CARRY,Suzuki
Swift,Suzuki
Sx4,Suzuki
Sx4 S-Cross,Suzuki
Vitara,Suzuki
V-Strom 650,Suzuki
Wagon R,Suzuki
Xl7,Suzuki
4 Runner,Toyota
4Runner,Toyota
Advantage,Toyota
Auris,Toyota
Avensis,Toyota
Aygo,Toyota
Camry,Toyota
Celica,Toyota
Corolla,Toyota
Corolla Fielder,Toyota
Corolla Sport,Toyota
Corona,Toyota
CRESSIDA,Toyota
Fj Cruiser,Toyota
Fortuner,Toyota
Gts,Toyota
HIACE,Toyota
Hilux,Toyota
Land Cruiser,Toyota
Land Cruiser Prado,Toyota
Landcruiser,Toyota
Landcruiser Prado,Toyota
Lite,Toyota
NEW AYGO,Toyota
Paseo,Toyota
Prius,Toyota
Prius C,Toyota
Rav4,Toyota
RAV-4,Toyota
Rush,Toyota
Sequoia,Toyota
Sienna,Toyota
Starlet,Toyota
STOUT,Toyota
Supra,Toyota
Tacoma,Toyota
Tercel,Toyota
Townace,Toyota
Tundra,Toyota
Urban Cruiser,Toyota
Yaris,Toyota
Yaris Sport,Toyota
Zelas,Toyota
123,Acadian
Dc5,Acura
Tl,Acura
145,ALFA ROMEO
146,ALFA ROMEO
147,ALFA ROMEO
155,ALFA ROMEO
156,ALFA ROMEO
159,ALFA ROMEO
164,ALFA ROMEO
33,ALFA ROMEO
4C,ALFA ROMEO
75 TS,ALFA ROMEO
Brera,ALFA ROMEO
Giulietta,ALFA ROMEO
Gt,ALFA ROMEO
Gtv,ALFA ROMEO
Mito,ALFA ROMEO
Spider,ALFA ROMEO
Hornet,Amc
Pacer,Amc
2.0,American Motors
Carrier,American Motors
Locomovil,American Motors
Topic,Asia
Towner,Asia
Db9,Aston Martin
Dbs,Aston Martin
Rapide,Aston Martin
V12 Vantage,Aston Martin
V8 VANTAGE,Aston Martin
Vanquish,Aston Martin
Vantage,Aston Martin
Vantage Roadster,Aston Martin
VANTAGE V8,Aston Martin
Virage,Aston Martin
80,Audi
A1,Audi
A3,Audi
A4,Audi
A4 Allroad Quattro,Audi
A5,Audi
A6,Audi
A6 Allroad Quattro,Audi
A7,Audi
A8,Audi
Q2,Audi
Q3,Audi
Q5,Audi
Q7,Audi
R8,Audi
Rs Q3,Audi
Rs3,Audi
Rs5,Audi
Rs6,Audi
Rs7,Audi
S3,Audi
S4,Audi
S5,Audi
S6,Audi
S7,Audi
S8,Audi
Sq5,Audi
Tt,Audi
Tt Coupé,Audi
Tt Roadster,Audi
TT RS,Audi
Tts,Audi
MG,Austin
Mini,Austin
Mini Cooper,Austin
Century,Autorrad
Mustang,Aveling-Barford
CARGO VAN,BAIC
Plus,BAIC
Up,BAIC
X25,BAIC
X35,BAIC
X55,BAIC
Continental,Bentley
114,BMW
116,BMW
118,BMW
120,BMW
125,BMW
130,BMW
135,BMW
140,BMW
1602,BMW
2002,BMW
218,BMW
220,BMW
235,BMW
240I,BMW
240M,BMW
315,BMW
316,BMW
318,BMW
320,BMW
323,BMW
325,BMW
328,BMW
330,BMW
335,BMW
340,BMW
418,BMW
420,BMW
428,BMW
430,BMW
435,BMW
440,BMW
520,BMW
523,BMW
525,BMW
528,BMW
530,BMW
535,BMW
540,BMW
545,BMW
550,BMW
640,BMW
645,BMW
650,BMW
7 Activehybrid,BMW
730,BMW
735,BMW
740,BMW
745,BMW
750,BMW
i3,BMW
I8,BMW
M1,BMW
M2,BMW
M3,BMW
M4,BMW
M5,BMW
M6,BMW
X1,BMW
X2,BMW
X3,BMW
X4,BMW
X5,BMW
X6,BMW
Z3,BMW
Z4,BMW
Deluxe,Brilliance
Frv,Brilliance
Fsv,Brilliance
H220,Brilliance
H230,Brilliance
H2l,Brilliance
Konect,Brilliance
Splendor,Brilliance
V3,Brilliance
V5,Brilliance
Century,BUICK
Enclave Cxl,BUICK
Regal,BUICK
Riviera,BUICK
Roadmaster,BUICK
F0,Byd
F3,Byd
F3r,Byd
F3-R,Byd
F6,Byd
G3,Byd
S6,Byd
Ct6,CADILLAC
CTS,CADILLAC
Cts-V,CADILLAC
Deville,CADILLAC
Escalade,CADILLAC
Seville,CADILLAC
XT5,CADILLAC
Mavarick Xrs,Can-Am
Maverick,Can-Am
A500,Changan
Cargo,Changan
Cm10,Changan
Cm5,Changan
Cs1,Changan
Cs15,Changan
Cs35,Changan
Cs55,Changan
Cs75,Changan
Cv1,Changan
Cv2,Changan
CX70,Changan
Eado,Changan
M201,Changan
Md201,Changan
Ms201,Changan
Pickup,Changan
S100,Changan
S200,Changan
S300,Changan
Spla,Changhe
A5,Chery
Arrizo3,Chery
Arrizo5,Chery
Arrizo7,Chery
Beat,Chery
Destiny,Chery
Face,Chery
Fulwin,Chery
Fulwin2,Chery
Grand Tiggo,Chery
Iq,Chery
S21,Chery
Skin,Chery
Tiggo,Chery
Tiggo 2,Chery
Tiggo 3,Chery
Tiggo 4,Chery
TIGGO 7,Chery
200,Chrysler
300C,Chrysler
300M,Chrysler
CARAVAN,Chrysler
Crossfire,Chrysler
Cruiser,Chrysler
Durango,Chrysler
Grand Caravan,Chrysler
GRAND CHEROKEE,Chrysler
Grand Town Country,Chrysler
Neon,Chrysler
Pacifica,Chrysler
Pt Cruiser,Chrysler
Sebring,Chrysler
Stratus,Chrysler
Town & Country,Chrysler
Town Country,Chrysler
Viper,Chrysler
Jumper,Citroen
13Hp,Citroën
2CV6,Citroën
Ak 6,Citroën
Ax,Citroën
Azam,Citroën
Berlingo,Citroën
C1,Citroën
C15,Citroën
C2,Citroën
C3,Citroën
C3 Aircross,Citroën
C3 Picasso,Citroën
C3 SX 1.4,Citroën
C4,Citroën
C4 Cactus,Citroën
C4 Picasso,Citroën
C5,Citroën
C5 AIRCROSS,Citroën
C-ELYSE,Citroën
C-Elysee,Citroën
C-Elysée,Citroën
Ds3,Citroën
Ds4,Citroën
Ds5,Citroën
Grand C4 Picasso,Citroën
Jumper,Citroën
Jumpy,Citroën
Multispace,Citroën
Nemo,Citroën
Saxo,Citroën
Spacetourer,Citroën
Xantia,Citroën
Xsara,Citroën
Xsara Picasso,Citroën
Xsara2,Citroën
Zx,Citroën
Backdraft Racing,Cobra
Carro de Golf,Comuta-Car
commandcar,Comuta-Car
Espero,Daewoo
Heaven,Daewoo
Lanos,Daewoo
Leganza,Daewoo
Matiz,Daewoo
Musso,Daewoo
Nexia,Daewoo
Nubira,Daewoo
Pointer,Daewoo
Racer,Daewoo
Rezzo,Daewoo
Tico,Daewoo
Applause,Daihatsu
Charade,Daihatsu
Charmant,Daihatsu
Cuore,Daihatsu
Feroza,Daihatsu
Giro,Daihatsu
Gran Move,Daihatsu
Hijet,Daihatsu
Mira,Daihatsu
Rocky,Daihatsu
Sirion,Daihatsu
Terios,Daihatsu
1200,Datsun
120-Y,Datsun
130-A,Datsun
160-J,Datsun
BLUEBIRD,Datsun
Sunny,Datsun
A30,Dfm
Ax3,Dfm
Ax4,Dfm
Ax5,Dfm
Ax7,Dfm
CARGO VAN,Dfm
Elegant,Dfm
H30,Dfm
H30 Cross,Dfm
Joyear,Dfm
Joyear X3,Dfm
M5,Dfm
S30,Dfm
S50,Dfm
Sx5,Dfm
SX6,Dfm
560,DFSK
580,DFSK
Cargo Box,DFSK
Cargo Van,DFSK
Mini Truck,DFSK
Refritruck,DFSK
Serie C,DFSK
Serie V,DFSK
Truck,DFSK
Truck Xl 1.3,DFSK
Van,DFSK
AIL,DODGE
Aspen,DODGE
Caliber,DODGE
Caravan,DODGE
Challenger,DODGE
Charger,DODGE
CORONET,DODGE
Dakota,DODGE
Dart,DODGE
Durango,DODGE
DURNAGO,DODGE
Grand Caravan,DODGE
Journey,DODGE
Neon,DODGE
Nitro,DODGE
Ram,DODGE
Ram 1500,DODGE
Ram 2500,DODGE
Ram 700,DODGE
Ram Pickup,DODGE
Van,DODGE
Viper,DODGE
A30,Dongfeng
Ax3,Dongfeng
Ax7,Dongfeng
Cargo Box,Dongfeng
Df-2500,Dongfeng
Df-2900,Dongfeng
H30,Dongfeng
H30 Cross,Dongfeng
Joyear,Dongfeng
Joyear X3,Dongfeng
MINI TRUCK,Dongfeng
Minivan,Dongfeng
Rich,Dongfeng
S30,Dongfeng
S50,Dongfeng
S500,Dongfeng
Succe,Dongfeng
Sx5,Dongfeng
Sx6,Dongfeng
Truck,Dongfeng
Ds 3,Ds
Ds 4,Ds
Ds 4 Crossback,Ds
DS 5,Ds
Ds 7 Crossback,Ds
Ds4,Ds
Besturn B50,Faw
Besturn X80,Faw
D60,Faw
Mamut,Faw
Oley,Faw
R7,Faw
T80,Faw
V2,Faw
V5,Faw
V80,Faw
X80,Faw
348,Ferrari
458,Ferrari
458 ITALIA,Ferrari
488,Ferrari
California,Ferrari
F12,Ferrari
Ff,Ferrari
GTC 4,Ferrari
1200,Fiat
125,Fiat
147,Fiat
500,Fiat
500L,Fiat
500X,Fiat
600,Fiat
Argo,Fiat
Brava,Fiat
Bravo,Fiat
Cinquecento,Fiat
Cronos,Fiat
Doblo,Fiat
Dobló,Fiat
Doblo Cargo,Fiat
Ducato,Fiat
Fiorino,Fiat
Fiorino City,Fiat
Fullback,Fiat
Grande Punto,Fiat
Linea,Fiat
Marea,Fiat
Palio,Fiat
Panda,Fiat
Punto,Fiat
Punto Evo,Fiat
Qubo,Fiat
Ram 700,Fiat
Siena,Fiat
Stilo,Fiat
Strada,Fiat
Tempra,Fiat
Tipo,Fiat
Uno,Fiat
Uno Cargo,Fiat
Weekend,Fiat
1015,Foton
Ft Box,Foton
Ft-500,Foton
K1,Foton
Midi,Foton
Midi Doble Cabina,Foton
RANGER,Foton
Sup,Foton
Terracota,Foton
View,Foton
Cargo Box,Gac Gonow
Elite,Gac Gonow
Gonow,Gac Gonow
Way,Gac Gonow
Way Pasajeros,Gac Gonow
Ck,Geely
Ec7,Geely
EMGRAND 7,Geely
EMGRAND GS,Geely
Emgrand X7,Geely
Ex7,Geely
Gc7,Geely
Lc,Geely
Lc Cross,Geely
Mk,Geely
Mk Rsi,Geely
Sl,Geely
Acadia,GMC
Jimmy,GMC
PICKUP,GMC
Sierra,GMC
Sprint,GMC
Yukon,GMC
Deer,Great Wall
Florid,Great Wall
H3,Great Wall
H6,Great Wall
Haval,Great Wall
Haval 3,Great Wall
HAVAL 5,Great Wall
Haval 6,Great Wall
Haval H3,Great Wall
Haval H5,Great Wall
Haval H6,Great Wall
Haval M4,Great Wall
Hover,Great Wall
M4,Great Wall
Peri,Great Wall
Safe,Great Wall
So Cool,Great Wall
Voleex C10,Great Wall
Voleex C20r,Great Wall
Voleex C30,Great Wall
Voleex C50,Great Wall
Wall 3,Great Wall
Wingle,Great Wall
Wingle 5,Great Wall
Wingle 6,Great Wall
Cargo Van,Hafei
GL,Hafei
Lobo,Hafei
Mini Van,Hafei
Minyi,Hafei
Ruiyi,Hafei
Zhongyi,Hafei
2 Glx,Haima
3 Gl,Haima
7 Glx,Haima
F-Star,Haima
Haima2,Haima
Haima3,Haima
Haima7,Haima
H2,Haval
H6,Haval
H7,Haval
HAVAL H2,Haval
Haval H6,Haval
Haval H6 Sport,Haval
I10,Higer
Accord,Honda
City,Honda
Civic,Honda
Cr,Honda
Crv,Honda
CR-V,Honda
Fit,Honda
Hr-V,Honda
Integra,Honda
Legend,Honda
Odyssey,Honda
Pilot,Honda
Pilot 16300 Klms Nue,Honda
Prelude,Honda
Quintet,Honda
Ridgeline,Honda
S2000,Honda
Wr-V,Honda
Dd1020g,Huanghai - Sg
Plutus,Huanghai - Sg
Commodore,Hudson
Sportphaeton,Hudson
H2t,Hummer
H3,Hummer
H3 4X4 Automatico 3.,Hummer
H3 T,Hummer
HMC4,Hummer
Imn,Ika
Ex,INFINITI
Fx,INFINITI
G37,INFINITI
M,INFINITI
Q50,INFINITI
Q60,INFINITI
Q70,INFINITI
Qx30,INFINITI
Qx50,INFINITI
QX60,INFINITI
Qx70,INFINITI
QX80,INFINITI
40.10,Iveco
DAILY,Iveco
137,Jac
137 Sport,Jac
A0,Jac
Grand S3,Jac
J2,Jac
J3,Jac
J3 Turin,Jac
J4,Jac
J5,Jac
J6,Jac
Refine,Jac
Rein,Jac
S1,Jac
S2,Jac
S3,Jac
S5,Jac
Sunray,Jac
T6,Jac
Trip,Jac
Urban,Jac
Urban Hfc,Jac
X200,Jac
E-Pace,Jaguar
F-Pace,Jaguar
F-Type,Jaguar
Mk,Jaguar
Mk2,Jaguar
Sovereign,Jaguar
S-Type,Jaguar
Xe,Jaguar
XF,Jaguar
Xj,Jaguar
XJ Series,Jaguar
Xjr,Jaguar
Xjs,Jaguar
Xk,Jaguar
XKR,Jaguar
X-Type,Jaguar
Cherokee,Jeep
Cj7,Jeep
Commander,Jeep
Compass,Jeep
Grand Cherokee,Jeep
Liberty,Jeep
New Cherokee,Jeep
New Grand Cherokee,Jeep
Patriot,Jeep
Renegade,Jeep
Willys,Jeep
Wrangler,Jeep
Haise,Jinbei
Minibus,Jinbei
Boarding,Jmc
Carrying,Jmc
Vigus,Jmc
kenbo,Kenbo Motors
X5 Pick Up,Kyc
2104,Lada
2105,Lada
2109,Lada
4X4,Lada
GRANTA,Lada
KALINA,Lada
LARGUS,Lada
Niva,Lada
Samara,Lada
Aventador,Lamborghini
Gallardo,Lamborghini
Huracan,Lamborghini
Corto,Land Rover
Defender,Land Rover
Discoery Sport,Land Rover
Discovery,Land Rover
Discovery Sport,Land Rover
Evoque,Land Rover
Freelander,Land Rover
Freelander 2,Land Rover
LR3,Land Rover
RANGE ROVER,Land Rover
Range Rover Evoque,Land Rover
Range Rover Sport,Land Rover
Range Rover Velar,Land Rover
SANTANA,Land Rover
X5,Landwind
Ct,Lexus
Es,Lexus
Gs,Lexus
Is,Lexus
Ls,Lexus
Lx,Lexus
Nx,Lexus
Rc,Lexus
Rx,Lexus
320,Lifan
520,Lifan
Cargo,Lifan
Foison Cargo,Lifan
Foison Truck,Lifan
Foison Van,Lifan
Lifan 320,Lifan
Lifan 520,Lifan
Lifan 530,Lifan
Lifan 620,Lifan
LIFAN CARGO,Lifan
Lifan Truck,Lifan
Lifan Van,Lifan
Truck,Lifan
X50,Lifan
X60,Lifan
X7,Lifan
Continental,LINCOLN
NAVIGATOR,LINCOLN
Town Car,LINCOLN
Elise,Lotus
GENIO,Mahindra
Kuv100,Mahindra
NEW SCORPIO,Mahindra
PICK UP,Mahindra
Pik Up,Mahindra
Pik-Up,Mahindra
Quanto,Mahindra
Scorpio,Mahindra
Xuv500,Mahindra
Ghibli,Maserati
Grancabrio,Maserati
Granturismo,Maserati
Levante,Maserati
Quattroporte,Maserati
G10,Maxus
New V80 Diesel,Maxus
Pick Up,Maxus
T60,Maxus
V80,Maxus
540 C,Mclaren
570 S,Mclaren
650 S,Mclaren
Mp4-12C,Mclaren
113,Mercedes-Benz
180,Mercedes-Benz
190,Mercedes-Benz
200,Mercedes-Benz
220,Mercedes-Benz
230,Mercedes-Benz
240,Mercedes-Benz
250,Mercedes-Benz
280,Mercedes-Benz
280 C,Mercedes-Benz
280 Ce,Mercedes-Benz
280 SL,Mercedes-Benz
300,Mercedes-Benz
300 Ce,Mercedes-Benz
350,Mercedes-Benz
380,Mercedes-Benz
500,Mercedes-Benz
A 170,Mercedes-Benz
A 180,Mercedes-Benz
A 200,Mercedes-Benz
A 250,Mercedes-Benz
A 45 Amg,Mercedes-Benz
Amg Gt,Mercedes-Benz
B 170,Mercedes-Benz
B 180,Mercedes-Benz
B 200,Mercedes-Benz
B 220,Mercedes-Benz
C 180,Mercedes-Benz
C 200,Mercedes-Benz
C 220,Mercedes-Benz
C 230,Mercedes-Benz
C 240,Mercedes-Benz
C 250,Mercedes-Benz
C 280,Mercedes-Benz
C 300,Mercedes-Benz
C 300 Coupe,Mercedes-Benz
C 320,Mercedes-Benz
C 350,Mercedes-Benz
C 43 Amg,Mercedes-Benz
C 55 Amg,Mercedes-Benz
C 63,Mercedes-Benz
C 63 Amg,Mercedes-Benz
CITAN,Mercedes-Benz
Citan 109,Mercedes-Benz
Cl 500,Mercedes-Benz
Cl 63 Amg,Mercedes-Benz
Cla 180,Mercedes-Benz
Cla 200,Mercedes-Benz
Cla 220,Mercedes-Benz
Cla 250,Mercedes-Benz
Cla 45 Amg,Mercedes-Benz
Clase E,Mercedes-Benz
Clase X,Mercedes-Benz
Clc 180,Mercedes-Benz
Clc 200,Mercedes-Benz
CLK 230,Mercedes-Benz
Clk 280,Mercedes-Benz
Clk 320,Mercedes-Benz
Clk 350,Mercedes-Benz
Clk 500,Mercedes-Benz
Clk 63 Amg,Mercedes-Benz
Cls 350,Mercedes-Benz
Cls 500,Mercedes-Benz
Cls 63 Amg,Mercedes-Benz
E 200,Mercedes-Benz
E 220,Mercedes-Benz
E 230,Mercedes-Benz
E 240,Mercedes-Benz
E 250,Mercedes-Benz
E 280,Mercedes-Benz
E 300,Mercedes-Benz
E 320,Mercedes-Benz
E 350,Mercedes-Benz
E 400,Mercedes-Benz
E 420,Mercedes-Benz
E 43 Amg,Mercedes-Benz
E 430,Mercedes-Benz
E 500,Mercedes-Benz
E 55,Mercedes-Benz
E 63,Mercedes-Benz
E 63 Amg,Mercedes-Benz
G 280,Mercedes-Benz
G 350,Mercedes-Benz
G 500,Mercedes-Benz
G 63 Amg,Mercedes-Benz
Gl 320,Mercedes-Benz
GL 350,Mercedes-Benz
Gl 450,Mercedes-Benz
Gl 500,Mercedes-Benz
GLA 200,Mercedes-Benz
GLA 220,Mercedes-Benz
GLA 250,Mercedes-Benz
GLA 45 AMG,Mercedes-Benz
Glc 220,Mercedes-Benz
GLC 250,Mercedes-Benz
Glc 43 Amg,Mercedes-Benz
Glc 63 Amg,Mercedes-Benz
Glc Coupe,Mercedes-Benz
Gle 250,Mercedes-Benz
Gle 350,Mercedes-Benz
Gle 400,Mercedes-Benz
Gle 450,Mercedes-Benz
GLE 63 AMG,Mercedes-Benz
Gle Coupe 350,Mercedes-Benz
GLE COUPE 400,Mercedes-Benz
Gle Coupe 43 Amg,Mercedes-Benz
Gle Coupe 63 Amg,Mercedes-Benz
Glk 220,Mercedes-Benz
Glk 280,Mercedes-Benz
Glk 300,Mercedes-Benz
Glk 350,Mercedes-Benz
Gls 350,Mercedes-Benz
Mb 140,Mercedes-Benz
MB140,Mercedes-Benz
Ml 250,Mercedes-Benz
ML 270,Mercedes-Benz
Ml 300,Mercedes-Benz
Ml 320,Mercedes-Benz
Ml 350,Mercedes-Benz
Ml 400,Mercedes-Benz
Ml 500,Mercedes-Benz
Ml 63 Amg,Mercedes-Benz
R 350,Mercedes-Benz
S 280,Mercedes-Benz
S 320,Mercedes-Benz
S 350,Mercedes-Benz
S 420,Mercedes-Benz
S 430,Mercedes-Benz
S 500,Mercedes-Benz
S 550,Mercedes-Benz
S 600,Mercedes-Benz
S 63 Amg,Mercedes-Benz
SE 280,Mercedes-Benz
Se 300,Mercedes-Benz
Sl 320,Mercedes-Benz
SL 350,Mercedes-Benz
Sl 450,Mercedes-Benz
SL 500,Mercedes-Benz
Sl 55 Amg,Mercedes-Benz
Sl 63 Amg,Mercedes-Benz
Slc 450,Mercedes-Benz
Slk 200,Mercedes-Benz
Slk 230,Mercedes-Benz
Slk 320,Mercedes-Benz
Slk 350,Mercedes-Benz
SLK 55 AMG,Mercedes-Benz
Sprinter,Mercedes-Benz
Sprinter 308,Mercedes-Benz
Sprinter 313,Mercedes-Benz
Sprinter 315,Mercedes-Benz
SPRINTER 413,Mercedes-Benz
Sprinter 515,Mercedes-Benz
Unimog,Mercedes-Benz
V 220,Mercedes-Benz
Viano,Mercedes-Benz
VITO,Mercedes-Benz
Vito 109,Mercedes-Benz
Vito 110,Mercedes-Benz
VITO 111,Mercedes-Benz
Vito 113,Mercedes-Benz
Vito 114,Mercedes-Benz
Vito Tourer 114,Mercedes-Benz
X 250D,Mercedes-Benz
3,MG
3 Confort,MG
350,MG
550,MG
750,MG
A Convertible,MG
B,MG
Gs,MG
Mg 360,MG
Mg Gs,MG
Mg Gt,MG
Mg Rx5,MG
Mg Zs,MG
Mg3,MG
Mg5,MG
Mg6,MG
1.5,MINI
Cabrio,MINI
Cooper,MINI
Cooper 1.6,MINI
Cooper S,MINI
Cooper S 2.0 T,MINI
Cooper S F56 2.0 Aut,MINI
Cooper S R56,MINI
Copper John Cooper W,MINI
Countryman,MINI
Countryman Cooper,MINI
F55,MINI
F56,MINI
John Cooper Works,MINI
Mini,MINI
Paceman,MINI
Asx,Mitsubishi
CANTER,Mitsubishi
Canter Fuso 6.5,Mitsubishi
Colt,Mitsubishi
DELICA,Mitsubishi
Eclipse,Mitsubishi
Eclipse Cross,Mitsubishi
Evo,Mitsubishi
Galant,Mitsubishi
I,Mitsubishi
Katana,Mitsubishi
L200,Mitsubishi
L300,Mitsubishi
Lancer,Mitsubishi
Mirage,Mitsubishi
Montero,Mitsubishi
Montero Sport,Mitsubishi
Outlander,Mitsubishi
Sapporo,Mitsubishi
Turing,Nach
Cutlass,Oldsmobile
Delta,Oldsmobile
Ninety Eight,Oldsmobile
Omega,Oldsmobile
Adam,Opel
Antara,Opel
Astra,Opel
Cascada,Opel
Combo,Opel
Corsa,Opel
Crossland X,Opel
Grandland X,Opel
Insignia,Opel
Kapitan,Opel
Meriva,Opel
Mokka,Opel
Mokka X,Opel
Omega,Opel
Rekord,Opel
REKORD OLYMPIA,Opel
Vectra,Opel
Cooper,Otra Marca
Focus,Otra Marca
T6,Otra Marca
Packhard,Packard
600,Pgo
EZGOO GOLF,Pgo
Porter,Piaggio
VOLARE,Plymouth
Voyager,Plymouth
Catalina,Pontiac
Chieftain,Pontiac
Firebird,Pontiac
Grand Prix,Pontiac
Gto,Pontiac
Solstice,Pontiac
SUNBIRD,Pontiac
TRANS AM,Pontiac
Ventura,Pontiac
718,Porsche
911,Porsche
928,Porsche
944,Porsche
Boxster,Porsche
Cayenne,Porsche
Cayman,Porsche
Gt3,Porsche
Macan,Porsche
Panamera,Porsche
Persona,Proton
Preve,Proton
Ram 1000,RAM
Ram 1500,RAM
Ram 2500,RAM
Ram Pickup,RAM
Van 1000,RAM
Van 700,RAM
Van 700 Rapid,RAM
Discovery 4,Range Rover
Evoque,Range Rover
Range Rover Sport,Range Rover
Ranger Rover Sport,Range Rover
Raptor,Regal Raptor
19,Renault
4,Renault
Alaskan,Renault
Captur,Renault
Clio,Renault
Clio 2,Renault
Clio2,Renault
Dokker,Renault
Duster,Renault
Duster Oroch,Renault
Express,Renault
Fluence,Renault
Fuego,Renault
KANGO EXPRESS DIESEL,Renault
Kangoo,Renault
Kangoo Express,Renault
Koleos,Renault
Laguna,Renault
Laguna Ii,Renault
Laguna Iii,Renault
Latitude,Renault
Logan,Renault
Master,Renault
Megane,Renault
Mégane,Renault
Megane Ii,Renault
Megane III,Renault
Megane Rs,Renault
Oroch,Renault
R-12,Renault
R-19,Renault
R-5,Renault
Sandero,Renault
SCENIC,Renault
Scénic,Renault
Scenic 2,Renault
Scénic I,Renault
Scenic II,Renault
Scénic II,Renault
Symbol,Renault
Trafic,Renault
Twingo,Renault
Ghost,Rolls-Royce
Silver Shadow,Rolls-Royce
Wraith,Rolls-Royce
10,Rover
400 Series,Rover
414,Rover
45,Rover
620,Rover
75,Rover
Mini,Rover
Serie 400,Rover
9-3,Saab
9-5,Saab
9-7X,Saab
Sm3,Samsung
SM3 SERIES,Samsung
Sm5,Samsung
Sm7,Samsung
Sq 5,Samsung
Sq5,Samsung
Sky,Saturn
Arona,SEAT
Ateca,SEAT
Cordoba,SEAT
Ibiza,SEAT
Inca,SEAT
Leon,SEAT
Toledo,SEAT
Cobra,Shelby
Cobra Mkii,Shelby
Action Sport,Shenyang
1300,Simca
Fabia,SKODA
Felicia,SKODA
Karoq,SKODA
Kodiaq,SKODA
Octavia,SKODA
Rapid,SKODA
Roomster,SKODA
Spaceback,SKODA
Superb,SKODA
Yeti,SKODA
C81,Sma
R51,Sma
Fortwo,Smart
Actyon,SsangYong
Actyon Sport,SsangYong
Actyon Sports,SsangYong
Korando,SsangYong
Kyron,SsangYong
Musso,SsangYong
Musso Sports,SsangYong
Rexton,SsangYong
Rexton W,SsangYong
Stavic,SsangYong
Tivoli,SsangYong
Xlv,SsangYong
1.8,SUBARU
2.0,SUBARU
4Wd,SUBARU
600,SUBARU
700,SUBARU
B9 Tribeca,SUBARU
Baja,SUBARU
Brz,SUBARU
Forester,SUBARU
Impreza,SUBARU
Justy,SUBARU
Legacy,SUBARU
Loyale,SUBARU
MV,SUBARU
New Legacy,SUBARU
New XV,SUBARU
Outback,SUBARU
Suv,SUBARU
Tribeca,SUBARU
WRX,SUBARU
WRX STI,SUBARU
Xv,SUBARU
Xenon,Tata
Speedmaster,Triumph
Spitfire,Triumph
Tiger,Triumph
TR3,Triumph
Tr6,Triumph
Hunter,Uaz
Amarok,VOLKSWAGEN
Amazon,VOLKSWAGEN
Atlas,VOLKSWAGEN
Beelte,VOLKSWAGEN
Beetle,VOLKSWAGEN
BORA,VOLKSWAGEN
Caddy,VOLKSWAGEN
Caddy Kombi,VOLKSWAGEN
Combi,VOLKSWAGEN
CRAFTER,VOLKSWAGEN
CrossFox,VOLKSWAGEN
Crossover,VOLKSWAGEN
Delivery Van,VOLKSWAGEN
Eos,VOLKSWAGEN
Escarabajo,VOLKSWAGEN
Fox,VOLKSWAGEN
Gol,VOLKSWAGEN
Golf,VOLKSWAGEN
Gti,VOLKSWAGEN
Jetta,VOLKSWAGEN
Karmann Ghia,VOLKSWAGEN
Kleinbus,VOLKSWAGEN
Kombi,VOLKSWAGEN
Multivan,VOLKSWAGEN
New Beetle,VOLKSWAGEN
Notchback,VOLKSWAGEN
Parati,VOLKSWAGEN
Passat,VOLKSWAGEN
Passat CC,VOLKSWAGEN
Polo,VOLKSWAGEN
Polo Classic,VOLKSWAGEN
Saveiro,VOLKSWAGEN
Scirocco,VOLKSWAGEN
Suran,VOLKSWAGEN
T-Cross,VOLKSWAGEN
The Beetle,VOLKSWAGEN
Tiguan,VOLKSWAGEN
Tiguan Allspace,VOLKSWAGEN
Touareg,VOLKSWAGEN
Transporter,VOLKSWAGEN
Trendline 4X4,VOLKSWAGEN
Variant,VOLKSWAGEN
Vento,VOLKSWAGEN
VIRTUS,VOLKSWAGEN
Voyage,VOLKSWAGEN
Westfalia,VOLKSWAGEN
121,Volvo
122,Volvo
144,Volvo
240,Volvo
244,Volvo
360,Volvo
460,Volvo
740,Volvo
760,Volvo
850,Volvo
940,Volvo
960,Volvo
B 18,Volvo
C30,Volvo
C70,Volvo
P210,Volvo
S40,Volvo
S60,Volvo
S60 Cross Country,Volvo
S80,Volvo
S90,Volvo
V40,Volvo
V40 Cross Country,Volvo
V50,Volvo
V60,Volvo
V60 Cross Country,Volvo
V70,Volvo
V70 XC,Volvo
V90 Cross Country,Volvo
Xc40,Volvo
Xc60,Volvo
Xc70,Volvo
Xc90,Volvo
CJ3A M-38,Willys
Scout 4x2,Willys
x1,XBH
